entity_id,entity_name,entity_type,entity_subtype,first_active_year,last_active_year,sector_role,micro_market_primary,notable_data_point,context_usage,verified
E001,ANAROCK Property Consultants,ORG,Market Research / Broking,2020,2026,Residential Research & Broking,Pan Bengaluru,"Published Q1 2020 data: Bengaluru Q1 launches 8,600 units; 87% sub-INR 80L; annual 2024 Bengaluru: 71,000 launches / 65,200 sales","Primary source for residential launch, sales and pricing data across 2020-2026",YES
E002,JLL India (Jones Lang LaSalle),ORG,Market Research / Commercial Broking,2020,2026,Commercial & Residential Research,Pan Bengaluru — ORR dominant,"Annual 2024: Bengaluru net absorption 14.74 MSF; 66% YoY; Q4 2024 record 6.69 MSF; H1 2025 office 28.2 MSF India-wide","Primary source for commercial office leasing data; also residential commentary",YES
E003,Cushman & Wakefield India,ORG,Market Research / Commercial Broking,2020,2026,Commercial Office Research,Pan Bengaluru — ORR dominant,"Annual 2024: Bengaluru GLV 25.93 MSF (29% India share); net 14.18 MSF; Q4 2025 Bengaluru GLV 7.6 MSF; India 2025 net absorption 61 MSF","Primary source for GLV (Gross Leasing Volume) data; CW Bengaluru MarketBeat quarterly reports",YES
E004,Knight Frank India,ORG,Market Research / Residential Broking,2020,2026,Residential & Office Research,Pan Bengaluru,"H1 2022: Bengaluru sales 26,677 units (+80% YoY); H1 2025: launches 33,498 (+31% YoY); sales 26,599 (-3% YoY); Affordability Index 26% in 2023","Published H2 half-yearly reports; Affordability Index tracks EMI-to-income ratio",YES
E005,Colliers India,ORG,Market Research / Commercial Broking,2020,2026,Commercial Office Research,Pan Bengaluru — ORR + Whitefield,"Q4 2023: India office 58.2 MSF gross absorption; Q3 2024: Bengaluru 6.3 MSF highest-ever quarterly; E&M overtook Tech in Bengaluru 2023 (26% vs 22%)","Key source for sector-wise breakdown of office leasing and GCC data",YES
E006,PropEquity (PE Analytics Ltd),ORG,Residential Data Analytics,2020,2026,Residential Data,Pan Bengaluru,"Annual series: 2020 ~27-28K; 2021: 43,181; 2022: 60,391; Q3 2025: 16,840 units; Jan-Sep 2025: 49,559 units","City-level annual residential sales data; primary source for annual Bengaluru time-series",YES
E007,NoBroker Technologies,ORG,PropTech / Rental Platform,2020,2026,Residential Rental & Consumer Data,Pan Bengaluru — Multiple micro-markets,"2025 rental inflation 7-9%; Kanakapura Road: ₹7,000-14,000/sqft; rent ₹35,000/month; North Bengaluru rental +20-25% projected","Consumer-facing data on rental trends, demand shifts, and emerging investment hotspots",YES
E008,ICRA Ltd,ORG,Credit Rating / Research,2024,2026,Commercial Office Research,Pan Bengaluru,"Bengaluru Grade-A stock 263 MSF (27% of India total); FY2026 net absorption forecast 16-16.5 MSF; occupancy 89-89.5% by March 2026","Used for Grade-A stock estimates and FY-basis forecasts",YES
E009,CREDAI Bengaluru,ORG,Developer Trade Association,2020,2026,Residential Developer Advocacy,Pan Bengaluru,"Q2 2020: Bengaluru led new launches with 49% India share; 2022: construction cost inflation data; 2024: BDA rule revision commentary","Trade body providing developer sentiment data, launch estimates and policy advocacy",YES
E010,Karnataka RERA,ORG,Real Estate Regulatory Authority,2020,2026,Regulatory / Consumer Protection,Pan Bengaluru,"2021: 60 delayed projects (29,850 units; INR 22,276 crore); by Q4 2023: complaints fell 30%; special dues recovery cell launched 2023","Regulatory body; key source for delayed projects, compliance actions and RERA data",YES
E011,BMRCL,ORG,Metro Rail Corporation,2020,2026,Infrastructure / Transit,Pan Bengaluru — Whitefield; Yellow Line Corridor,"Purple Line Whitefield: fully operational 2023; Yellow Line: fully operational August 2024 (all 16 stations; 19 km); Phase 3 approved 2026","Infrastructure entity driving transit-oriented real estate appreciation",YES
E012,Embassy Office Parks REIT,ORG,REIT / Commercial Property,2020,2026,Commercial Office REIT,Outer Ring Road — Bengaluru dominant,"2021: highest-ever quarterly REIT distribution; largest Indian REIT by size; anchored by Bengaluru ORR properties","Key indicator of commercial market health; REIT distributions signal office occupancy recovery",YES
E013,Bengaluru Development Authority (BDA),ORG,Urban Development Authority,2020,2026,Urban Planning / Regulatory,Pan Bengaluru,"2023: Master Plan 2031 — new residential zones in North Bengaluru/Devanahalli; March 2024: revised setback rules giving 15% more saleable area","Urban planning authority determining zoning, FAR and supply parameters",YES
E014,Reserve Bank of India (RBI),ORG,Central Bank / Monetary Policy,2020,2026,Monetary Policy / Finance,National,"2020: repo at record low 4%; 2022: 40-bps emergency hike 4 May 2022; cumulative 250-bps tightening cycle ending Feb 2023","Monetary policy directly impacts home loan affordability and housing demand",YES
E015,Prestige Estates Projects,ORG,Developer — Listed,2020,2026,Residential + Commercial Developer,Whitefield; Sarjapur Road; North Bengaluru; Hebbal,"2021: Prestige Serenity Shores — 1,800 units on Sarjapur Road at ₹6,500/sqft; top ANAROCK annual project volumes","Major listed developer; significant project launches and revenue disclosures",YES
E016,Sobha Ltd,ORG,Developer — Listed,2020,2026,Residential Developer,Whitefield; Kanakapura Road; Pan Bengaluru,Active in premium residential in Whitefield and south Bengaluru corridors; Sobha blog cited for market trends 2025,"Listed residential developer; premium quality positioning",YES
E017,Brigade Enterprises,ORG,Developer — Listed,2020,2026,Residential + Commercial Developer,North Bengaluru; Whitefield; Pan Bengaluru,Active in residential and commercial; Brigade mentioned in North Bengaluru and Whitefield launches,"Listed developer with mixed residential/commercial portfolio",YES
E018,Puravankara Ltd,ORG,Developer — Listed,2020,2026,Residential Developer,North Bengaluru; Kanakapura Road; Whitefield,Active in North Bengaluru and affordable-to-mid segment; Puravankara blog cited for TCS Electronic City lease (1.4 MSF),"Listed developer; affordable to mid segment focus",YES
E019,Whitefield,LOCATION,Micro-Market — East Bengaluru,2020,2026,Residential + Commercial Micro-Market,East Bengaluru,"2023: Purple Line fully operational; 12,900 units absorbed; prices up 20% YoY; 2024: Sumadhura Capitol Towers 5L sqft lease; 2025: ₹10,500-15,000/sqft","IT/ITeS and GCC hub; highest residential prices in east Bengaluru",YES
E020,Outer Ring Road (ORR),LOCATION,Commercial Corridor — East-Southeast,2020,2026,Dominant Office Corridor,East-Southeast Bengaluru,"2020-2024: consistently 33-45% of Bengaluru office absorption; 2024: 35% micro-market share of net absorption; Grade-A rents rising 4-4.5% PA","India's most active commercial real estate corridor by absorption volume",YES
E021,Electronic City,LOCATION,Micro-Market — South Bengaluru,2020,2026,IT Residential + Commercial Micro-Market,South Bengaluru,"2024: Yellow Line operational; prices +8-12%; 2025: ₹7,426/sqft avg (Housing.com); TCS 1.4 MSF lease (Puravankara blog)","IT employment anchor (Infosys/Wipro/HCL/TCS); Yellow Line transformed residential appeal",YES
E022,Sarjapur Road,LOCATION,Micro-Market — Southeast Bengaluru,2020,2026,Premium Residential Micro-Market,Southeast Bengaluru,"2021: 18% YoY appreciation; Prestige Serenity Shores 1800 units launched at ₹6,500/sqft; 2025: ₹7,800-11,000/sqft range","WFH-driven 3BHK demand in 2021; BSRP early work future catalyst",YES
E023,North Bengaluru / Devanahalli,LOCATION,Emerging Growth Corridor — North,2020,2026,Residential Investment Corridor,North Bengaluru,"2024: 56% YoY launch growth (ANAROCK); 24,000 units launched; 2025: rental +20-25% expected; STRR operational","Airport proximity + Manyata Tech Park + KIADB Aerospace Park anchor; fastest-growing zone",YES
E024,Kanakapura Road,LOCATION,Micro-Market — South Bengaluru,2020,2026,Transit-Oriented Residential Corridor,South Bengaluru,"2024: Yellow Line operational; ₹5,800-8,500/sqft; 2025-26: ₹7,000-14,000/sqft; rent ₹35,000/month (NoBroker 2026)","Yellow Line metro transformed from affordable to mid-premium investment corridor",YES
E025,Namma Metro Purple Line,ORG/INFRASTRUCTURE,Metro Line — East-West Bengaluru,2020,2026,Transit Infrastructure,"Whitefield; Marathahalli; Indiranagar; Rajajinagar","Fully operational 2023; triggered 20% YoY appreciation in Whitefield; 12,900 residential units absorbed in 2023 corridor","East-west connectivity; most impactful infrastructure for east Bengaluru real estate",YES
E026,Namma Metro Yellow Line,ORG/INFRASTRUCTURE,Metro Line — South Bengaluru,2020,2026,Transit Infrastructure,"Electronic City; Kanakapura Road; Bommasandra; South Bengaluru","Fully operational 10-11 August 2024; 19 km; 16 stations; 8-12% appreciation on corridor; peak frequency 10 min by early 2026","Southern Bengaluru connectivity; Kanakapura Road and Electronic City primary beneficiaries",YES
E027,Global Capability Centres (GCC),SECTOR,Occupier Category,2020,2026,Office Occupier Segment,Pan Bengaluru — ORR and Whitefield dominant,"2020-2023: Bengaluru+Hyderabad = 60% of India GCC take-up; 2024: GCC = 35.9% of India office demand (~28 MSF); 40 new GCC setups in Bengaluru in 2022","Most important structural demand driver for Bengaluru commercial real estate 2020-2026",YES
E028,Bengaluru Suburban Rail Project (BSRP),ORG/INFRASTRUCTURE,Future Infrastructure,2025,2027+,Transit Infrastructure (Future),"Sarjapur Road; Whitefield; Devanahalli; Yelahanka","Early work commenced 2025; 4 corridors planned; completion post-2027 in phases (NoBroker 2026 article)","Long-term future appreciation driver for suburban Bengaluru corridors",YES
E029,Satellite Town Ring Road (STRR),INFRASTRUCTURE,Road Connectivity,2020,2026,Road Infrastructure,North Bengaluru — Tumkur Road; Yelahanka,"Partially operational by early 2026; key stretches open (NoBroker 2026); Tumkur Road corridor +12-18% appreciation","Ring road connectivity boosting satellite town and North Bengaluru integration",YES
E030,PropSoch,ORG,PropTech / Analytics Platform,2020,2026,Residential Analytics,Pan Bengaluru,"Published Bagalur appreciation data: 94% in 5 years per PropSoch; Phase 3 metro corridors; market outlook 2025","Consumer-facing analytics platform; used for micro-level appreciation data and outlook",YES
